{
    "variants": {
        "": [ { "model": "block/gravel", "weight":600 },
{ "model": "block/gravel", "y": 90, "weight":600 },
{ "model": "block/gravel", "y": 180, "weight":600 },
{ "model": "block/gravel", "y": 270, "weight":600 },
{ "model": "block/gravel1", "weight":200 },
{ "model": "block/gravel1", "y": 90, "weight":200 },
{ "model": "block/gravel1", "y": 180, "weight":200 },
{ "model": "block/gravel1", "y": 270, "weight":200 },
{ "model": "block/gravel2", "weight":400 },
{ "model": "block/gravel2", "y": 90, "weight":400 },
{ "model": "block/gravel2", "y": 180, "weight":400 },
{ "model": "block/gravel2", "y": 270, "weight":400 },
{ "model": "block/gravel3", "weight":300 },
{ "model": "block/gravel3", "y": 90, "weight":300 },
{ "model": "block/gravel3", "y": 180, "weight":300 },
{ "model": "block/gravel3", "y": 270, "weight":300 },
{ "model": "block/gravel4", "weight":300 },
{ "model": "block/gravel4", "y": 90, "weight":300 },
{ "model": "block/gravel4", "y": 180, "weight":300 },
{ "model": "block/gravel4", "y": 270, "weight":300 },
{ "model": "block/gravel5", "weight":600 },
{ "model": "block/gravel5", "y": 90, "weight":600 },
{ "model": "block/gravel5", "y": 180, "weight":600 },
{ "model": "block/gravel5", "y": 270, "weight":600 },
{ "model": "block/gravel6", "weight":600 },
{ "model": "block/gravel6", "y": 90, "weight":600 },
{ "model": "block/gravel6", "y": 180, "weight":600 },
{ "model": "block/gravel6", "y": 270, "weight":600 },
{ "model": "block/gravel7", "weight":1 },
{ "model": "block/gravel7", "y": 90, "weight":1 },
{ "model": "block/gravel7", "y": 180, "weight":1 },
{ "model": "block/gravel7", "y": 270, "weight":1 }

 ]   }
}

